,time,bid,ask
0,2014-01-01 21:55:35.346,2.1007642021718707,2.1059411112883613
1,2014-01-01 21:55:35.348,2.101712100211093,2.10545435283574
2,2014-01-01 21:55:36.114,2.101728408837949,2.10546794335616
3,2014-01-01 21:55:37.417,2.1017121001904657,2.1054543528150584
4,2014-01-01 21:55:38.613,2.101731126926997,2.105476097657974
5,2014-01-01 21:55:39.512,2.1017121001759147,2.1054543528004706
6,2014-01-01 21:55:40.422,2.1017224248305126,2.105485326792231
7,2014-01-01 21:55:47.223,2.101691450809768,2.1054646774400627
8,2014-01-01 21:55:50.553,2.101650152128089,2.10542337875838
9,2014-01-01 21:55:54.305,2.1016295027826506,2.105413054081521
10,2014-01-01 21:55:55.445,2.101646581713462,2.105395974523621
11,2014-01-01 21:55:59.619,2.1016775557075063,2.105416623849073
12,2014-01-01 21:55:59.626,2.101680273674212,2.105432932347437
13,2014-01-01 21:56:03.131,2.1016492996607177,2.105401958333939
14,2014-01-01 21:56:03.134,2.101638427210737,2.10538836777749
15,2014-01-01 21:56:07.267,2.101638427201623,2.105378043099785
16,2014-01-01 21:56:07.270,2.101749442102993,2.105284107073383
17,2014-01-01 21:56:10.719,2.101749442095386,2.105294431734356
18,2014-01-01 21:56:16.925,2.101780416087464,2.105325405726425
19,2014-01-01 21:56:19.439,2.101739117407586,2.105284107046544
20,2014-01-01 21:56:24.966,2.101739117255959,2.1052868250009213
21,2014-01-01 21:56:24.986,2.1017391172437354,2.1052765003201057
22,2014-01-01 21:56:27.488,2.101728792569637,2.1052868249831738
23,2014-01-01 21:56:29.060,2.1018526885891826,2.1054107210027166
24,2014-01-01 21:56:33.183,2.101821714574344,2.1054416949993757
25,2014-01-01 21:56:34.280,2.101852688577678,2.105421045659789
26,2014-01-01 21:56:37.183,2.101863013239864,2.1054313703219707
27,2014-01-01 21:56:38.296,2.1018630127563864,2.105345973617688
28,2014-01-01 21:56:39.481,2.1019249607628248,2.1054079216241224
29,2014-01-01 21:56:42.299,2.1017712475050647,2.105288366854084
30,2014-01-01 21:56:42.302,2.1019335003223656,2.1054335404274527
31,2014-01-01 21:56:43.057,2.101822485225049,2.10533960457404
32,2014-01-01 21:56:46.517,2.101634613487908,2.1051004951049843
33,2014-01-01 21:56:47.311,2.101634613475539,2.104980940385079
34,2014-01-01 21:56:47.312,2.101386964438541,2.1048528460555898
35,2014-01-01 21:56:47.555,2.1014489124322466,2.10513161208954
36,2014-01-01 21:56:48.287,2.1014407579510745,2.1051370481399467
37,2014-01-01 21:56:50.055,2.101523355294232,2.105198996145933
38,2014-01-01 21:56:50.057,2.101523355294228,2.105229970151679
39,2014-01-01 21:56:50.451,2.1015233552791988,2.1052272520302084
40,2014-01-01 21:56:51.552,2.101446498615488,2.1050906180125986
41,2014-01-01 21:56:52.797,2.1016087514134183,2.1051589349688813
42,2014-01-01 21:56:55.554,2.101719766456005,2.105269950011379
43,2014-01-01 21:56:56.055,2.101548974008929,2.1051930934058856
44,2014-01-01 21:56:57.050,2.101480657017725,2.1051333160366115
45,2014-01-01 21:56:58.212,2.1017197664146017,2.105252870725962
46,2014-01-01 21:56:58.213,2.1017197664145866,2.1052955688357637
47,2014-01-01 21:56:58.321,2.1017507404021187,2.105347192160446
48,2014-01-01 21:57:01.804,2.101750740346182,2.1053642713483156
49,2014-01-01 21:57:03.500,2.101048662871109,2.105384920674055
50,2014-01-01 21:57:03.508,2.101014504356716,2.1053763810254926
51,2014-01-01 21:57:04.028,2.1008921894744037,2.105213294546921
52,2014-01-01 21:57:04.304,2.1009025141412154,2.1052855672252297
53,2014-01-01 21:57:04.306,2.100902514141211,2.105357839905307
54,2014-01-01 21:57:05.121,2.100902514139416,2.1050068011716823
55,2014-01-01 21:57:05.123,2.1008095921221632,2.1049448531601787
56,2014-01-01 21:57:05.226,2.1009101620506603,2.10508075847186
57,2014-01-01 21:57:05.382,2.1010134087359207,2.1051427064827872
58,2014-01-01 21:57:05.384,2.1010134087359167,2.1054524465402764
59,2014-01-01 21:57:05.712,2.100970710591775,2.1055207634815702
60,2014-01-01 21:57:06.052,2.100970710590304,2.1052110234226022
61,2014-01-01 21:57:06.054,2.1010016845960484,2.1050768027310176
62,2014-01-01 21:57:10.073,2.10108708074774,2.1050170253092064
63,2014-01-01 21:57:10.074,2.100994665096469,2.1048838380618453
64,2014-01-01 21:57:12.801,2.1009843404130235,2.1048941627155457
65,2014-01-01 21:57:21.920,2.100984340392936,2.104677344655196
66,2014-01-01 21:57:21.924,2.100839795032769,2.104605071975108
67,2014-01-01 21:57:21.931,2.100769124184068,2.104482757104609
68,2014-01-01 21:57:25.018,2.100779448845836,2.1044001597491264
69,2014-01-01 21:57:25.127,2.1008555558028306,2.1045279107276533
70,2014-01-01 21:57:25.169,2.1009691271569064,2.104589858738816
71,2014-01-01 21:57:25.170,2.100969127156904,2.1046724560874743
72,2014-01-01 21:57:27.016,2.1009175038099253,2.1044866120489183
73,2014-01-01 21:57:27.021,2.100793607786924,2.1044866120489067
74,2014-01-01 21:57:27.128,2.1007066283682603,2.1043398342894286
75,2014-01-01 21:57:30.120,2.1007169530300183,2.1043398342825963
76,2014-01-01 21:57:30.121,2.1008718230587533,2.1044017822940893
77,2014-01-01 21:57:30.127,2.1008718230587395,2.1047734703630443
78,2014-01-01 21:57:30.326,2.1009588024413075,2.1049202480863363
79,2014-01-01 21:57:33.524,2.1010001011081547,2.1048892740730967
80,2014-01-01 21:57:33.626,2.1008478871269163,2.1046364901550483
81,2014-01-01 21:57:33.672,2.10084788712659,2.104068633382691
82,2014-01-01 21:57:33.676,2.1002387316802213,2.1040066853711883
83,2014-01-01 21:57:34.168,2.1004142510450383,2.1040686333815977
84,2014-01-01 21:57:34.227,2.1005012304456256,2.104212693016548
85,2014-01-01 21:57:37.555,2.1005838277868265,2.1041713943347524
86,2014-01-01 21:57:37.556,2.1007490224841403,2.104450160386472
87,2014-01-01 21:57:37.682,2.1007490224838627,2.1045224330662697
88,2014-01-01 21:57:37.684,2.1007490224838588,2.1046050304149237
89,2014-01-01 21:57:37.685,2.100749022483856,2.104708277100744
90,2014-01-01 21:57:38.724,2.1007799964873146,2.1047702251099456
91,2014-01-01 21:57:41.306,2.1006767497958063,2.1043262643552167
92,2014-01-01 21:57:41.560,2.10066820968338,2.1043348034856617
93,2014-01-01 21:57:41.664,2.100673645844554,2.1043375215403146
94,2014-01-01 21:57:53.721,2.1007562431658693,2.104399469524436
95,2014-01-01 21:57:53.826,2.100712753379088,2.104323362460684
96,2014-01-01 21:57:55.351,2.1007230780440795,2.104333687125672
97,2014-01-01 21:58:08.724,2.100733402683208,2.104374985770514
98,2014-01-01 21:58:08.736,2.100767560747713,2.104349366480439
99,2014-01-01 21:58:08.738,2.100827338101354,2.1043066683706417
100,2014-01-01 21:58:12.302,2.1008529569116923,2.1043237475589183
101,2014-01-01 21:58:12.426,2.100850238676204,2.104315593110342
102,2014-01-01 21:58:12.803,2.1009018620101267,2.104356891775674
103,2014-01-01 21:58:22.966,2.1007779659647694,2.1043672164218457
104,2014-01-01 21:58:26.022,2.1007986152952007,2.1044394890951743
105,2014-01-01 21:58:28.548,2.1007473773104133,2.1049091680488603
106,2014-01-01 21:58:40.438,2.100750095222395,2.1049146040667965
107,2014-01-01 21:58:42.422,2.100801332737965,2.1044449246429737
108,2014-01-01 21:58:45.350,2.100791008026818,2.1044552492689332
109,2014-01-01 21:58:50.806,2.1008013326833828,2.104444924588321
110,2014-01-01 21:58:51.057,2.1007806833456693,2.104506872599249
111,2014-01-01 21:58:51.059,2.1007806833456653,2.10465141795937
112,2014-01-01 21:58:51.581,2.100760034007355,2.1047133659696997
113,2014-01-01 21:58:51.582,2.1007600340073527,2.1047959633183404
114,2014-01-01 21:58:51.584,2.100760034007348,2.1048475866612373
115,2014-01-01 21:58:54.556,2.100801332675124,2.104506872591533
116,2014-01-01 21:58:57.168,2.100750094713732,2.104430015763852
117,2014-01-01 21:59:02.124,2.100725631605681,2.1044354518257866
118,2014-01-01 21:59:02.131,2.1007359562575783,2.1044354518090818
119,2014-01-01 21:59:02.150,2.1007359561799728,2.104213421560744
120,2014-01-01 21:59:03.728,2.1007577010199885,2.104251475039094
121,2014-01-01 21:59:11.808,2.101022429149811,2.1043283314858923
122,2014-01-01 21:59:17.424,2.101032753784711,2.1045141754865995
123,2014-01-01 21:59:17.556,2.101032753695148,2.104702047079656
124,2014-01-01 21:59:17.557,2.100844882012381,2.1044031603116258
125,2014-01-01 21:59:20.050,2.100844882006598,2.1043825109686747
126,2014-01-01 21:59:23.064,2.100844881872399,2.104387947046936
127,2014-01-01 21:59:25.299,2.1008790402395605,2.104430645035849
128,2014-01-01 21:59:27.550,2.1009217383142014,2.1044050261349008
129,2014-01-01 21:59:38.554,2.1013914173494768,2.104891784413799
130,2014-01-01 21:59:40.806,2.1014170361801945,2.1048917843786423
131,2014-01-01 21:59:42.427,2.101417036130913,2.104902108997864
132,2014-01-01 21:59:42.471,2.1013844187195274,2.1048803640117155
133,2014-01-01 21:59:42.475,2.1016833054613997,2.1050511564244543
134,2014-01-01 21:59:43.303,2.1017687016678845,2.105034077167647
135,2014-01-01 21:59:43.305,2.101751622423974,2.105102394143132
136,2014-01-01 21:59:45.058,2.101730973081022,2.1051953161545383
137,2014-01-01 21:59:49.304,2.101645576768087,2.1051355387072945
138,2014-01-01 21:59:52.553,2.1013723088154044,2.1050416028152443
139,2014-01-01 22:03:02.460,2.101599451089293,2.1044427716025136
140,2014-01-01 22:03:02.869,2.1018495154855,2.104377535655286
141,2014-01-01 22:03:02.880,2.1028315690385897,2.104659340207057
142,2014-01-01 22:03:03.872,2.102850595776278,2.104667494519219
143,2014-01-01 22:03:04.712,2.102850595771318,2.104688143851402
144,2014-01-01 22:03:05.513,2.102828850908887,2.1046691170953338
145,2014-01-01 22:03:08.815,2.102849500236996,2.1047930131091706
146,2014-01-01 22:03:08.824,2.102873963171412,2.1048229122563114
147,2014-01-01 22:03:13.809,2.1028902717750606,2.1048365027535296
148,2014-01-01 22:03:17.371,2.102895707963076,2.1048500932606444
149,2014-01-01 22:03:17.372,2.102929866224593,2.1048671722781633
150,2014-01-01 22:03:17.809,2.1031466842448188,2.1048671722583334
151,2014-01-01 22:03:24.298,2.1031893822462884,2.1049184098816256
152,2014-01-01 22:03:25.645,2.1031921002951948,2.1049184098240685
153,2014-01-01 22:03:25.648,2.1032230742836413,2.1049597084810783
154,2014-01-01 22:03:25.795,2.1032333989518897,2.1049597084807536
155,2014-01-01 22:03:30.578,2.102975282227028,2.104928734464489
156,2014-01-01 22:03:35.794,2.1029649575469658,2.1048771111101248
157,2014-01-01 22:03:44.509,2.1029731117350656,2.1048879834044083
158,2014-01-01 22:03:46.048,2.102973111712478,2.1048673340446564
159,2014-01-01 22:03:46.878,2.1029834363792217,2.104949931391406
160,2014-01-01 22:03:50.016,2.102993761040881,2.105104801413073
161,2014-01-01 22:03:50.124,2.1030046334273846,2.1051265462250246
162,2014-01-01 22:03:50.378,2.1029943087580145,2.1051781695670884
163,2014-01-01 22:03:54.878,2.102870412725235,2.1059628443686558
164,2014-01-01 22:03:54.879,2.1028600880566604,2.1059731690372256
165,2014-01-01 22:03:55.110,2.102816598320006,2.10591337066226
166,2014-01-01 22:03:56.399,2.1028138802046765,2.105913370653294
167,2014-01-01 22:03:58.925,2.1028084439743804,2.10590249821022
168,2014-01-01 22:04:07.424,2.1028426017890505,2.105911037158652
169,2014-01-01 22:04:18.546,2.1027828242622,2.105911036984968
170,2014-01-01 22:04:20.979,2.1027724995361434,2.1059316862644986
171,2014-01-01 22:04:28.043,2.1027724995205848,2.1054154528203366
172,2014-01-01 22:04:32.422,2.102755420060279,2.105552086554013
173,2014-01-01 22:04:35.436,2.1028322766103296,2.1056289431040165
174,2014-01-01 22:04:40.342,2.1028219519146703,2.1055669950654576
175,2014-01-01 22:04:43.799,2.1033175359984617,2.105556670389261
176,2014-01-01 22:04:46.058,2.1033148175647334,2.1055539519550517
177,2014-01-01 22:04:46.064,2.1033457915654545,2.105615899961481
178,2014-01-01 22:04:46.065,2.1033457915654523,2.105605575292908
179,2014-01-01 22:04:47.965,2.10291215548129,2.1055333026087206
180,2014-01-01 22:04:47.966,2.102912155481288,2.105450705260152
181,2014-01-01 22:04:48.041,2.103117106210094,2.1055361012822233
182,2014-01-01 22:04:48.042,2.103117106210078,2.105587339013581
183,2014-01-01 22:04:51.824,2.1031388510210154,2.105622674356324
184,2014-01-01 22:04:55.309,2.103138850996809,2.1056199562257083
185,2014-01-01 22:04:58.048,2.102925360293285,2.105372307034464
186,2014-01-01 22:04:58.264,2.102928078379133,2.1053750251202805
187,2014-01-01 22:04:58.266,2.102928078356445,2.105313077086139
188,2014-01-01 22:05:00.802,2.1029280783388167,2.105261433047409
189,2014-01-01 22:05:00.806,2.1031757273307026,2.105261433004336
190,2014-01-01 22:05:00.861,2.1032583246735506,2.104662602221524
191,2014-01-01 22:05:01.634,2.103010675625709,2.104662602208592
192,2014-01-01 22:05:03.033,2.1030133937165854,2.1046626021930748
193,2014-01-01 22:05:03.709,2.1030242661373793,2.104684347039351
194,2014-01-01 22:05:04.106,2.103043292879226,2.104678910823845
195,2014-01-01 22:05:04.296,2.103120149434729,2.104678910782271
196,2014-01-01 22:05:05.044,2.103171387154416,2.104678910770589
197,2014-01-01 22:05:05.370,2.103187695783868,2.1046789107617974
198,2014-01-01 22:05:06.004,2.103105098423976,2.1049576768018627
199,2014-01-01 22:05:08.548,2.1031050984183723,2.104926702790543
200,2014-01-01 22:05:09.716,2.103019702126536,2.1049267027175773
201,2014-01-01 22:05:09.909,2.1030713254663893,2.10504027406885
202,2014-01-01 22:05:09.910,2.103074043541222,2.1050946361647096
203,2014-01-01 22:05:09.979,2.1031854859019883,2.105094636164229
204,2014-01-01 22:05:10.345,2.103424595305163,2.10524834934847
205,2014-01-01 22:05:11.197,2.103416440977583,2.105248349339997
206,2014-01-01 22:05:13.007,2.1034055685395185,2.1052483493274057
207,2014-01-01 22:05:13.050,2.10337295126276,2.1052483493271064
208,2014-01-01 22:05:14.060,2.103378387468485,2.10524834932008
209,2014-01-01 22:05:15.105,2.103391977993082,2.1052483493128102
210,2014-01-01 22:05:15.874,2.103381653311372,2.105248349299658
211,2014-01-01 22:05:15.945,2.103313700646248,2.1052483492938148
212,2014-01-01 22:05:17.041,2.103441794870106,2.1052483491892224
213,2014-01-01 22:05:17.045,2.103510111845176,2.10524834918916
214,2014-01-01 22:05:17.057,2.1035101118449875,2.1053081265422127
215,2014-01-01 22:05:17.058,2.1035955080638877,2.1053679038954383
216,2014-01-01 22:05:17.059,2.1035955080638717,2.10553015671136
217,2014-01-01 22:05:17.106,2.103592789949434,2.105530156703284
218,2014-01-01 22:05:17.199,2.1036036623742738,2.1055301567026365
219,2014-01-01 22:05:17.605,2.1036254072224243,2.1055301566998117
220,2014-01-01 22:05:18.266,2.103668105313036,2.1055557755466268
221,2014-01-01 22:05:18.550,2.1036371313014306,2.105524801535017
222,2014-01-01 22:05:19.006,2.103618104547098,2.1055248015252706
223,2014-01-01 22:05:19.048,2.1036017959085784,2.1055248015249783
224,2014-01-01 22:05:20.005,2.103601795905373,2.105535126190341
225,2014-01-01 22:05:20.408,2.1036045140022965,2.1055351261808792
226,2014-01-01 22:05:20.444,2.1036153864275318,2.1055351261806288
227,2014-01-01 22:05:21.057,2.10367516373719,2.105518046893237
228,2014-01-01 22:05:21.089,2.1036751637348017,2.105507722222277
229,2014-01-01 22:05:21.093,2.1036860361557776,2.1055077222177623
230,2014-01-01 22:05:22.405,2.103699626678518,2.105507722208636
231,2014-01-01 22:05:23.408,2.1037023447779206,2.1055077222016583
232,2014-01-01 22:05:24.046,2.1033863787213,2.1052686127420213
233,2014-01-01 22:05:24.047,2.103454695696408,2.1053198504733484
234,2014-01-01 22:05:25.798,2.10330952209694,2.1052002957395315
235,2014-01-01 22:05:27.012,2.103298649646416,2.1052002957144595
236,2014-01-01 22:05:28.240,2.1033122401697377,2.1052002957059166
237,2014-01-01 22:05:31.005,2.103332889485036,2.1051796463469152
238,2014-01-01 22:05:31.006,2.103322017040335,2.1051796463276724
239,2014-01-01 22:05:32.308,2.103313862712177,2.105179646318615
240,2014-01-01 22:05:33.172,2.103327453238027,2.1051796463126045
241,2014-01-01 22:05:34.192,2.103306803893868,2.1052002956427174
242,2014-01-01 22:05:34.510,2.1033068038845717,2.1052084499525208
243,2014-01-01 22:05:35.962,2.1033068038806726,2.1051981252800487
244,2014-01-01 22:05:36.508,2.103230696888423,2.1051981252661487
245,2014-01-01 22:05:40.212,2.103236133075434,2.105203561453121
246,2014-01-01 22:05:42.457,2.1032361330611278,2.10470797734747
247,2014-01-01 22:05:43.895,2.103246457726529,2.104749276018578
248,2014-01-01 22:05:43.906,2.1032567823950745,2.1047492760185547
249,2014-01-01 22:05:43.910,2.1033393797436206,2.104749276018546
250,2014-01-01 22:05:43.929,2.103380151313349,2.104814510545563
251,2014-01-01 22:05:44.007,2.1033783659822447,2.104814510260931
252,2014-01-01 22:05:44.064,2.103378365981355,2.104831589503816
253,2014-01-01 22:05:45.257,2.103368041310032,2.104831589501061
254,2014-01-01 22:05:45.326,2.1033680412903344,2.104848668725124
255,2014-01-01 22:05:45.330,2.1033680412902718,2.104891366834498
256,2014-01-01 22:05:45.543,2.10335950166506,2.104891366831171
257,2014-01-01 22:05:45.693,2.1033595016641,2.1049223408359183
258,2014-01-01 22:05:45.706,2.103400800338348,2.104922340835889
259,2014-01-01 22:05:45.718,2.1034214496754604,2.1049223408358637
260,2014-01-01 22:05:45.750,2.103538328236708,2.104922340823192
261,2014-01-01 22:05:45.827,2.1035383282361733,2.1048788511207404
262,2014-01-01 22:05:46.171,2.103524737701933,2.104878851118347
263,2014-01-01 22:05:46.537,2.103483439025852,2.104878851116542
264,2014-01-01 22:05:46.543,2.1035453870372547,2.104878851116529
265,2014-01-01 22:05:46.546,2.103586685711525,2.1048788511165224
266,2014-01-01 22:05:46.587,2.1035866856952303,2.104930088831538
267,2014-01-01 22:05:46.996,2.103658958374224,2.104930088830546
268,2014-01-01 22:05:48.596,2.1036589583428675,2.104998405774257
269,2014-01-01 22:05:50.006,2.103612750507935,2.104998405747576
270,2014-01-01 22:05:50.501,2.103615468610865,2.104998405744132
271,2014-01-01 22:05:51.306,2.103615468601368,2.1049364577232192
272,2014-01-01 22:05:51.339,2.1035535205898803,2.1049364577231464
273,2014-01-01 22:05:51.350,2.1034502325419435,2.10493645771724
274,2014-01-01 22:05:51.426,2.1034339239031987,2.1049119947593864
275,2014-01-01 22:05:52.469,2.103442078215063,2.10491199475213
276,2014-01-01 22:05:53.208,2.1034611049545147,2.104911994746989
277,2014-01-01 22:05:54.471,2.103469259264849,2.1049119947382025
278,2014-01-01 22:05:56.003,2.103376337237451,2.1049119947279253
279,2014-01-01 22:05:56.005,2.1033350385631717,2.104911994727921
280,2014-01-01 22:05:59.907,2.103340474738147,2.104911994690103
281,2014-01-01 22:06:00.261,2.1033301500602017,2.1049119946807253
282,2014-01-01 22:06:00.265,2.103308405206764,2.1049119946782344
283,2014-01-01 22:06:00.911,2.1033056870959084,2.1049119946737407
284,2014-01-01 22:06:01.009,2.103322766145936,2.1049119944798145
285,2014-01-01 22:06:02.458,2.1033910830983995,2.1049119944571766
286,2014-01-01 22:06:03.456,2.1034594000579,2.104911994441585
287,2014-01-01 22:06:03.915,2.103305686856809,2.1049119944344143
288,2014-01-01 22:06:03.942,2.1033219954739666,2.104911994413328
289,2014-01-01 22:06:03.993,2.1032910214600387,2.104911994405105
290,2014-01-01 22:06:03.994,2.103352969471449,2.1049119944051027
291,2014-01-01 22:06:03.995,2.103435566819998,2.1049119944051005
292,2014-01-01 22:06:05.407,2.1034301305970837,2.1049119943949086
293,2014-01-01 22:06:06.504,2.1034507799286937,2.1049119943893797
294,2014-01-01 22:06:07.865,2.1034426255925136,2.10491199437228
295,2014-01-01 22:06:09.789,2.1034942489281203,2.1049119943650414
296,2014-01-01 22:06:09.791,2.103401326910997,2.104911994365037
297,2014-01-01 22:06:09.840,2.103406763110015,2.1049119943512973
298,2014-01-01 22:06:10.596,2.1034257898493407,2.104911994346038
299,2014-01-01 22:06:10.793,2.1034361145157017,2.10491199434383
300,2014-01-01 22:06:11.115,2.103436114512097,2.1049446116166384
301,2014-01-01 22:06:11.146,2.1034469869373544,2.1049446116164225
302,2014-01-01 22:06:11.189,2.103493194745316,2.1049446116161232
303,2014-01-01 22:06:11.417,2.103471449892786,2.104944611614537
304,2014-01-01 22:06:11.507,2.1034714498921607,2.104952765933016
305,2014-01-01 22:06:12.584,2.1034768860974142,2.104952765925522
306,2014-01-01 22:06:13.308,2.103463295560544,2.1049527659204847
307,2014-01-01 22:06:13.312,2.103463295560516,2.10493373917588
308,2014-01-01 22:06:13.350,2.1034306782838343,2.104933739175616
309,2014-01-01 22:06:15.140,2.1034306782714,2.1049310210567937
310,2014-01-01 22:06:16.373,2.10343611447557,2.104931021048216
311,2014-01-01 22:06:19.004,2.1033018937660906,2.104931021030123
312,2014-01-01 22:06:19.524,2.103304611850569,2.1049310210082
313,2014-01-01 22:06:19.771,2.1033372291252657,2.1049310210064816
314,2014-01-01 22:06:21.530,2.103353537751251,2.104931020994244
315,2014-01-01 22:06:22.532,2.1033725644888617,2.1049310209872734
316,2014-01-01 22:06:23.007,2.103473134421161,2.104931020983968
317,2014-01-01 22:06:24.515,2.103442160403316,2.1049310209718244
318,2014-01-01 22:06:24.517,2.103246456734364,2.104931020961319
319,2014-01-01 22:06:24.966,2.1032600472630816,2.1049310209581957
320,2014-01-01 22:06:26.540,2.103270919677617,2.1049310209472445
321,2014-01-01 22:06:29.012,2.103254611022241,2.104931020930046
322,2014-01-01 22:06:29.039,2.103316559023685,2.1049310209200773
323,2014-01-01 22:06:29.529,2.1033219952328284,2.1049310209164807
324,2014-01-01 22:06:29.707,2.103356153317796,2.1049310205135408
325,2014-01-01 22:06:31.515,2.103450089130264,2.104931020485296
326,2014-01-01 22:06:31.690,2.1034419347961517,2.1049310204702607
327,2014-01-01 22:06:32.044,2.10351879138482,2.1049310204619958
328,2014-01-01 22:06:32.048,2.103518791384757,2.104948099705694
329,2014-01-01 22:06:32.059,2.103484632897063,2.104948099705523
330,2014-01-01 22:06:32.073,2.103515606896084,2.104948099698838
331,2014-01-01 22:06:32.077,2.1034216710551155,2.104948099698557
332,2014-01-01 22:06:32.078,2.1034352615842558,2.1049480996958567
333,2014-01-01 22:06:32.292,2.103460880446541,2.1049480996924985
334,2014-01-01 22:06:32.295,2.1035291974215395,2.1049480996924514
335,2014-01-01 22:06:32.307,2.103606054018278,2.104948099692264
336,2014-01-01 22:06:32.322,2.1036145936399246,2.10494809969203
337,2014-01-01 22:06:32.475,2.103588974771894,2.1049480996896395
338,2014-01-01 22:06:32.655,2.1036402125003675,2.1049480996868275
339,2014-01-01 22:06:34.788,2.1035989138201145,2.1049480996808447
340,2014-01-01 22:06:34.790,2.10365053716295,2.1049480996808407
341,2014-01-01 22:06:34.793,2.103681511168648,2.104948099680834
342,2014-01-01 22:06:34.794,2.103681511168645,2.1052165410636
343,2014-01-01 22:06:36.794,2.1036815111040257,2.1054214919240573
344,2014-01-01 22:06:36.796,2.1036815111039946,2.105472729655306
345,2014-01-01 22:06:38.575,2.1036644318324607,2.1054727296275053
346,2014-01-01 22:06:38.577,2.1036589955745804,2.10547272958229
347,2014-01-01 22:06:42.010,2.103650455899073,2.1054727295286106
348,2014-01-01 22:06:42.011,2.103655892087952,2.10547272950472
349,2014-01-01 22:06:42.608,2.103681510944253,2.1053446351671874
350,2014-01-01 22:06:44.004,2.1035885889068524,2.1053446351468867
351,2014-01-01 22:06:44.007,2.103588588906846,2.1053446351468805
352,2014-01-01 22:06:44.589,2.1035885888889365,2.1053473532353104
353,2014-01-01 22:06:45.006,2.1035777164605762,2.1053473532324096
354,2014-01-01 22:06:45.084,2.1035777164600344,2.1053446351255003
355,2014-01-01 22:06:45.504,2.1035804345634816,2.105344635122578
356,2014-01-01 22:06:47.643,2.103665830703658,2.1054727293720834
357,2014-01-01 22:06:47.655,2.1036145929722005,2.105472729371896
358,2014-01-01 22:06:47.658,2.103529196753369,2.105472729371849
359,2014-01-01 22:06:48.086,2.1036060533435927,2.105472729365161
360,2014-01-01 22:06:48.915,2.1036316721962844,2.105472729352206
361,2014-01-01 22:06:50.290,2.1036936201938503,2.105472729338357
362,2014-01-01 22:06:50.295,2.1037658928738123,2.1054727293383464
363,2014-01-01 22:06:50.297,2.1038588148909163,2.1054727293383415
364,2014-01-01 22:06:50.442,2.103858814867075,2.105489808558236
365,2014-01-01 22:06:52.598,2.1039207628734102,2.1054898085531644
366,2014-01-01 22:06:54.983,2.103923480913929,2.105489808487216
367,2014-01-01 22:06:55.291,2.103830558890888,2.10548980848128
368,2014-01-01 22:06:55.320,2.103832891615971,2.105489808402705
369,2014-01-01 22:06:56.020,2.103790193495656,2.105489808391766
370,2014-01-01 22:06:58.580,2.1038005181569757,2.1054898083845166
371,2014-01-01 22:06:58.585,2.1037978000279294,2.105489808361801
372,2014-01-01 22:07:01.608,2.103800518113294,2.105489808340769
373,2014-01-01 22:07:02.042,2.1037492802880187,2.105489808246661
374,2014-01-01 22:07:02.198,2.1037663595293363,2.1054898082442244
375,2014-01-01 22:07:02.809,2.1037745138400887,2.1054898082358684
376,2014-01-01 22:07:02.814,2.103774513840054,2.105506116874025
377,2014-01-01 22:07:02.852,2.1039294459026063,2.1055061168737605
378,2014-01-01 22:07:02.972,2.1039294459017723,2.105541452255673
379,2014-01-01 22:07:03.806,2.103929445895976,2.10555232467533
380,2014-01-01 22:07:03.979,2.103921291575677,2.105552324674126
381,2014-01-01 22:07:04.994,2.103921291568623,2.105555042773428
382,2014-01-01 22:07:05.005,2.103838694205929,2.105555042759266
383,2014-01-01 22:07:05.016,2.103785285463432,2.105555042715052
384,2014-01-01 22:07:05.712,2.1038194439400684,2.105555042704175
385,2014-01-01 22:07:06.409,2.103819443930387,2.1055523245881167
386,2014-01-01 22:07:06.707,2.103814007715586,2.1055523245860432
387,2014-01-01 22:07:07.638,2.1038140076855147,2.105560864177821
388,2014-01-01 22:07:09.947,2.1038140076629968,2.10555814604891
389,2014-01-01 22:07:10.056,2.1038243323204617,2.105558146037801
390,2014-01-01 22:07:11.407,2.1039172543345894,2.105558146034823
391,2014-01-01 22:07:11.411,2.103922690537144,2.105558146024636
392,2014-01-01 22:07:11.481,2.1039716164512208,2.1055581460241486
393,2014-01-01 22:07:11.698,2.1040542137991167,2.1055581460235078
394,2014-01-01 22:07:11.699,2.104136811147651,2.1055581460235047
395,2014-01-01 22:07:11.701,2.1040599544873397,2.105558145960011
396,2014-01-01 22:07:11.916,2.1040599544843155,2.105574454595172
397,2014-01-01 22:07:12.679,2.1040545182662824,2.1055744545898625
398,2014-01-01 22:07:18.588,2.1040545181587618,2.105574454482237
399,2014-01-01 22:07:20.013,2.1040288992708938,2.1055744544599686
400,2014-01-01 22:07:20.020,2.1040288992198666,2.1055690181961553
401,2014-01-01 22:07:21.007,2.103832730496588,2.1055690181756384
402,2014-01-01 22:07:21.015,2.1038071116153234,2.10556901815998
403,2014-01-01 22:07:21.017,2.103815651237166,2.1055690181599487
404,2014-01-01 22:07:22.008,2.1038925078185566,2.105569018144462
405,2014-01-01 22:07:22.575,2.1038925078007966,2.1055717362330464
406,2014-01-01 22:07:22.701,2.1039779040087114,2.105571736222217
407,2014-01-01 22:07:23.621,2.1040376813474597,2.1055717362078394
408,2014-01-01 22:07:23.683,2.104037681346491,2.1055631965849977
409,2014-01-01 22:07:28.361,2.104114537870298,2.1055631965118944
410,2014-01-01 22:07:28.541,2.1038925076988004,2.105563196509081
411,2014-01-01 22:07:28.545,2.1039608246737185,2.1055631965090194
412,2014-01-01 22:07:28.547,2.1040434220056405,2.1055631964924
413,2014-01-01 22:07:28.549,2.104136344022735,2.1055631964923958
414,2014-01-01 22:07:28.550,2.1040509478039318,2.105563196492317
415,2014-01-01 22:07:28.553,2.104053665868742,2.1055631964507167
416,2014-01-01 22:07:28.557,2.1040622054905054,2.1055631964506074
417,2014-01-01 22:07:29.544,2.1040622054750964,2.105571736057056
418,2014-01-01 22:07:29.547,2.1040622054750493,2.1056144341663714
419,2014-01-01 22:07:30.678,2.1040828548074915,2.1056144341616787
420,2014-01-01 22:07:32.730,2.1040828547784565,2.105608997919884
421,2014-01-01 22:07:32.762,2.1040486962407754,2.1056089978696404
422,2014-01-01 22:07:32.764,2.104082854728232,2.1055577601383777
423,2014-01-01 22:07:33.349,2.1040312313795138,2.1055577601324904
424,2014-01-01 22:07:33.354,2.10401058204237,2.10555776013248
425,2014-01-01 22:07:33.709,2.104018736354655,2.105557760125667
426,2014-01-01 22:07:34.105,2.1040513536282623,2.1055577601229114
427,2014-01-01 22:07:35.908,2.104068432822921,2.105532141208166
428,2014-01-01 22:07:37.040,2.1040374588091,2.1055321412000407
429,2014-01-01 22:07:37.047,2.104058108146217,2.1055321412000256
430,2014-01-01 22:07:37.049,2.1040994068204784,2.1055321412000207
431,2014-01-01 22:07:37.099,2.104034172246948,2.1055321411791867
432,2014-01-01 22:07:37.113,2.1040341722468505,2.1055076782218207
433,2014-01-01 22:07:37.141,2.104039608459382,2.1055076782216258
434,2014-01-01 22:07:38.011,2.1040566876702917,2.105507678188763
435,2014-01-01 22:07:38.207,2.104053969556519,2.105507678181346
436,2014-01-01 22:07:38.214,2.1040539695564697,2.1054859333303924
437,2014-01-01 22:07:38.250,2.1040512514498566,2.105485933330142
438,2014-01-01 22:07:38.870,2.1040566876582742,2.105485933325828
439,2014-01-01 22:07:39.293,2.1040396083945163,2.1054859333057947
440,2014-01-01 22:07:39.304,2.1040139895287306,2.10546031444001
441,2014-01-01 22:07:40.841,2.1040310687484767,2.1055030125253467
442,2014-01-01 22:07:43.211,2.104031068718305,2.1055138849205943
443,2014-01-01 22:07:43.249,2.104063685994394,2.1055138849203296
444,2014-01-01 22:07:43.293,2.104052813568637,2.105513884920024
445,2014-01-01 22:07:44.160,2.104044659243522,2.105513884913991
446,2014-01-01 22:07:44.187,2.1040446592433346,2.10553019355198
447,2014-01-01 22:07:46.602,2.104025632482009,2.105530193535176
448,2014-01-01 22:07:46.613,2.104025632481933,2.1055057305778346
449,2014-01-01 22:07:46.645,2.104031068694436,2.1055057305776126
450,2014-01-01 22:07:47.003,2.1039484713239744,2.1055057305556724
451,2014-01-01 22:07:47.004,2.103803925964047,2.10550573055567
452,2014-01-01 22:07:48.602,2.103806644056807,2.105505730542053
453,2014-01-01 22:07:51.950,2.103806644033536,2.105508448625121
454,2014-01-01 22:07:52.008,2.103825670777669,2.1055084486247173
455,2014-01-01 22:07:52.099,2.103908268114973,2.1055084486134867
456,2014-01-01 22:07:52.102,2.1039908654634942,2.105508448613481
457,2014-01-01 22:07:53.726,2.1040528134713115,2.1055084486099007
458,2014-01-01 22:07:56.288,2.103980540785706,2.105508448604254
459,2014-01-01 22:07:56.290,2.103990865454267,2.10550844860425
460,2014-01-01 22:07:56.291,2.103959891448568,2.1055084486042475
461,2014-01-01 22:07:57.107,2.1039734819449336,2.1055084485687696
462,2014-01-01 22:07:57.114,2.1039734819448848,2.1055220391005305
463,2014-01-01 22:07:57.151,2.103968045731904,2.1055220391002734
464,2014-01-01 22:07:58.289,2.10407052092192,2.105522038827618
465,2014-01-01 22:07:58.348,2.1040678028072373,2.1055220388192897
466,2014-01-01 22:07:59.294,2.1040592631696766,2.105522038803585
467,2014-01-01 22:07:59.301,2.1040592631695683,2.105658672753366
468,2014-01-01 22:08:06.004,2.104007639805341,2.105658672731957
469,2014-01-01 22:08:06.008,2.1039973151367657,2.1056586727319484
470,2014-01-01 22:08:06.052,2.1039250424567104,2.1056586727318507
471,2014-01-01 22:08:06.609,2.1039973151354423,2.1056586727306232
472,2014-01-01 22:08:06.611,2.104007639804004,2.105658672730619
473,2014-01-01 22:08:07.006,2.1040130759565425,2.105658672670375
474,2014-01-01 22:08:07.048,2.104021230275335,2.1056586726700828
475,2014-01-01 22:08:08.416,2.1040157940531024,2.105658672660564
476,2014-01-01 22:08:09.296,2.1040755712501094,2.105658672504353
477,2014-01-01 22:08:10.718,2.104152427824704,2.1056586724821287
478,2014-01-01 22:08:10.977,2.1041627524836497,2.1056586724725053
479,2014-01-01 22:08:11.718,2.104188371333633,2.105658672456877
480,2014-01-01 22:08:13.042,2.1039492619007047,2.105658672436184
481,2014-01-01 22:08:13.045,2.103957801522524,2.105658672436137
482,2014-01-01 22:08:13.048,2.1039578015224767,2.1055647365955625
483,2014-01-01 22:08:13.062,2.1039407222785265,2.105564736595344
484,2014-01-01 22:08:13.707,2.103957801512189,2.105564736585264
485,2014-01-01 22:08:14.387,2.1040175788546343,2.105564736574637
486,2014-01-01 22:08:15.265,2.1040517373283887,2.105564736560917
487,2014-01-01 22:08:15.522,2.104051737324376,2.1054708007163767
488,2014-01-01 22:08:16.010,2.1040245562079782,2.1054708006635368
489,2014-01-01 22:08:16.043,2.1038793826281257,2.105470800655396
490,2014-01-01 22:08:16.052,2.1038929731596383,2.1054708006551035
491,2014-01-01 22:08:16.125,2.103882648479732,2.1054708006437566
492,2014-01-01 22:08:16.126,2.1038929731482945,2.1054708006437544
493,2014-01-01 22:08:16.142,2.103901127466752,2.105470800643128
494,2014-01-01 22:08:19.553,2.103901127411955,2.1054622609664166
495,2014-01-01 22:08:26.007,2.103890802721621,2.1054622609446376
496,2014-01-01 22:08:26.010,2.1038185300416594,2.105462260944631
497,2014-01-01 22:08:26.011,2.103901127390177,2.1054622609446287
498,2014-01-01 22:08:26.012,2.103898409215208,2.105462260875952
499,2014-01-01 22:08:26.489,2.1039011273182524,2.105462260872633
500,2014-01-01 22:08:33.253,2.1038925874825103,2.105462260658564
501,2014-01-01 22:08:38.816,2.1039352855049764,2.1054622605716404
502,2014-01-01 22:08:39.209,2.1039461578419942,2.105462260483133
503,2014-01-01 22:08:39.542,2.1039034597213484,2.1054622604717883
504,2014-01-01 22:08:39.546,2.1038863804775607,2.1054366416061394
505,2014-01-01 22:08:39.653,2.1039108434317098,2.10543664160305
506,2014-01-01 22:08:39.695,2.1038918166869016,2.1054366416027577
507,2014-01-01 22:08:39.795,2.1037381034894933,2.1052658491616207
508,2014-01-01 22:08:39.811,2.1037466431111054,2.1052658491613707
509,2014-01-01 22:08:40.481,2.1037466431056413,2.1052848759004177
510,2014-01-01 22:08:40.832,2.1037551827115677,2.105284875884468
511,2014-01-01 22:08:42.830,2.1037551826803806,2.1052677966095312
512,2014-01-01 22:08:46.508,2.103749746425765,2.1052677965675914
513,2014-01-01 22:08:47.791,2.1038180633232195,2.1052677964900925
514,2014-01-01 22:08:47.795,2.1038436821887405,2.1052677964900304
515,2014-01-01 22:08:47.830,2.103869301053777,2.105267796489484
516,2014-01-01 22:08:48.802,2.103860761416743,2.1052677964742994
517,2014-01-01 22:08:49.005,2.1037781640175703,2.1052677964236173
518,2014-01-01 22:08:49.009,2.103772727787467,2.1052677964062143
519,2014-01-01 22:08:49.291,2.1037385692923896,2.105267796398574
520,2014-01-01 22:08:49.357,2.1038211666401296,2.105267796397799
521,2014-01-01 22:08:49.643,2.103846785500218,2.1052677963923
522,2014-01-01 22:08:50.806,2.103855325103924,2.1052677963741324
523,2014-01-01 22:08:50.833,2.103849888878526,2.1052677963614395
524,2014-01-01 22:08:51.042,2.103832809631121,2.105267796357753
525,2014-01-01 22:08:51.051,2.1037815718998165,2.1052677963576123
526,2014-01-01 22:08:51.058,2.103790111521568,2.105267796357503
527,2014-01-01 22:08:52.049,2.103790111506099,2.1054129699136506
528,2014-01-01 22:08:53.841,2.103792829591548,2.10541296989272
529,2014-01-01 22:08:58.627,2.103801369110728,2.1054129697899446
530,2014-01-01 22:08:59.480,2.1038040871778882,2.1054129697507054
531,2014-01-01 22:09:01.008,2.1037870078970027,2.1054129697135044
532,2014-01-01 22:09:03.009,2.1038553248406404,2.105412969682241
533,2014-01-01 22:09:13.012,2.1037955473314867,2.105412969525955
534,2014-01-01 22:09:18.751,2.1037955472667305,2.1052374500955846
535,2014-01-01 22:09:19.373,2.1037955471284464,2.1052347318508
536,2014-01-01 22:09:31.814,2.1037955468349603,2.105243271178895
537,2014-01-01 22:09:32.772,2.1037232741241287,2.1052432711479976
538,2014-01-01 22:09:32.777,2.1036634756911115,2.105243271054725
539,2014-01-01 22:09:32.783,2.1036634756910875,2.105243271054701
540,2014-01-01 22:09:32.813,2.103663475690837,2.1052568615862324
541,2014-01-01 22:09:32.819,2.1036036773509554,2.10525686158619
542,2014-01-01 22:09:33.042,2.1036719943066244,2.1052568615670046
543,2014-01-01 22:09:33.048,2.1037744697687857,2.105256861566911
544,2014-01-01 22:09:40.442,2.1037744696533505,2.105273940695095
545,2014-01-01 22:09:43.008,2.103765929991437,2.105273940655004
546,2014-01-01 22:09:47.073,2.1037659299279747,2.1053593368100176
547,2014-01-01 22:09:47.896,2.1038278779060606,2.105359336776714
548,2014-01-01 22:09:47.903,2.1038224415885343,2.1053593366717465
549,2014-01-01 22:09:47.913,2.103781142914245,2.105359336671709
550,2014-01-01 22:09:50.118,2.1037811428988533,2.1054109806770467
551,2014-01-01 22:09:50.145,2.103786579111376,2.1054109806768597
552,2014-01-01 22:09:50.199,2.103796903774903,2.105410980671821
553,2014-01-01 22:09:50.206,2.1038054433478437,2.105410980622867
554,2014-01-01 22:09:50.604,2.1037712848542216,2.1054109806166483
555,2014-01-01 22:09:50.792,2.1037285867420263,2.1054109806137102
556,2014-01-01 22:09:50.802,2.1037285867418705,2.105206029689104
557,2014-01-01 22:09:50.804,2.103728586741839,2.105188950445368
558,2014-01-01 22:09:50.811,2.10372858674173,2.1051547919578506
559,2014-01-01 22:09:51.260,2.1037258686276266,2.105154791950091
560,2014-01-01 22:09:51.601,2.1037258686152938,2.1051633315596017
561,2014-01-01 22:09:52.066,2.1037258686096934,2.105171485873058
562,2014-01-01 22:09:52.077,2.1035550761652244,2.105060470781548
563,2014-01-01 22:09:52.080,2.1035550761651782,2.105060470781501
564,2014-01-01 22:09:54.551,2.1035550761266117,2.1051714858269754
565,2014-01-01 22:09:54.734,2.103555076108072,2.105174203914761
566,2014-01-01 22:09:56.540,2.1036575515392433,2.10517420388369
567,2014-01-01 22:09:56.548,2.1036575515391185,2.10520836237097
568,2014-01-01 22:09:59.207,2.1036684239334558,2.105208362339837
569,2014-01-01 22:09:59.374,2.1036792963577144,2.1052083623386744
570,2014-01-01 22:09:59.539,2.1036896210057017,2.1052083623180917
571,2014-01-01 22:09:59.541,2.103689621005697,2.1052806349980258
572,2014-01-01 22:09:59.545,2.1037618936856264,2.1052806349980173
573,2014-01-01 22:10:01.199,2.10375156901342,2.105280634994372
574,2014-01-01 22:10:01.308,2.1037162336173694,2.105280634980911
575,2014-01-01 22:10:01.414,2.1037162336166326,2.1052616082356903
576,2014-01-01 22:10:01.418,2.103694488765768,2.1052616082356628
577,2014-01-01 22:10:01.839,2.103697206869197,2.1052616082327327
578,2014-01-01 22:10:02.354,2.1036203501819144,2.105261608142032
579,2014-01-01 22:10:03.008,2.1036339407055653,2.105261608133896
580,2014-01-01 22:10:03.013,2.103674712300849,2.105334997005435
581,2014-01-01 22:10:03.038,2.103708870777575,2.10533499699475
582,2014-01-01 22:10:03.046,2.10370887077745,2.1054203932131283
583,2014-01-01 22:10:03.046,2.1037686481304023,2.1054203932131283
584,2014-01-01 22:10:03.047,2.1037686481303863,2.105446012078664
585,2014-01-01 22:10:03.095,2.103809419725136,2.105446012078093
586,2014-01-01 22:10:03.328,2.1038501913188346,2.1054460120764706
587,2014-01-01 22:10:03.332,2.103926298296735,2.105446012076443
588,2014-01-01 22:10:03.610,2.1039262982948017,2.105470475031699
589,2014-01-01 22:10:03.940,2.103977536011964,2.105547331614398
590,2014-01-01 22:10:04.768,2.103977536003913,2.1055364591809185
591,2014-01-01 22:10:05.297,2.104011694470129,2.1055364591597154
592,2014-01-01 22:10:05.413,2.1040116944656444,2.1055255867298075
593,2014-01-01 22:10:05.513,2.103862198615454,2.105525586729112
594,2014-01-01 22:10:05.543,2.1038536589897645,2.105525586725268
595,2014-01-01 22:10:05.615,2.103853658989056,2.1054766608101776
596,2014-01-01 22:10:05.795,2.1038280401195717,2.1054766608062403
597,2014-01-01 22:10:05.799,2.103879277850609,2.1055108192935768
598,2014-01-01 22:10:09.004,2.1038070051534783,2.1055108192763763
599,2014-01-01 22:10:10.369,2.1038070051204403,2.1055053830305788
600,2014-01-01 22:10:11.103,2.103807005115816,2.1055053830259527
601,2014-01-01 22:10:11.109,2.103827654452928,2.10550538302594
602,2014-01-01 22:10:12.705,2.1038711441383584,2.1055053830096804
603,2014-01-01 22:10:12.712,2.1038711441383096,2.105532564073172
604,2014-01-01 22:10:14.411,2.1038711441265012,2.10555702701853
605,2014-01-01 22:10:14.913,2.103871144123012,2.105532564057851
606,2014-01-01 22:10:17.423,2.1037857477230633,2.1054557072795865
607,2014-01-01 22:10:18.010,2.1037857477015383,2.1054801702152117
608,2014-01-01 22:10:18.305,2.103815646869378,2.1054801702131587
609,2014-01-01 22:10:18.412,2.1038156468686338,2.1054557072552305
610,2014-01-01 22:10:19.905,2.1037449760930627,2.1054557072448383
611,2014-01-01 22:10:19.937,2.103744976073615,2.1054660318939447
612,2014-01-01 22:10:21.007,2.1037759500769444,2.1054660318915865
613,2014-01-01 22:10:21.011,2.10374994554366,2.105466031835518
614,2014-01-01 22:10:24.728,2.1037499454856365,2.1054916506429846
615,2014-01-01 22:10:25.043,2.1037157869933307,2.105491650638063
616,2014-01-01 22:10:25.142,2.1037364363213538,2.105491650628959
617,2014-01-01 22:10:26.118,2.1037364362781767,2.105502523011124
618,2014-01-01 22:10:27.032,2.1037391543781787,2.1055025230047617
619,2014-01-01 22:10:28.033,2.1037473086902816,2.105502522997793
620,2014-01-01 22:10:28.699,2.103747308682445,2.105461224315708
621,2014-01-01 22:10:28.702,2.1037679580195623,2.1054612243157007
622,2014-01-01 22:10:28.718,2.10372665934528,2.105450899647104
623,2014-01-01 22:10:28.747,2.1037185050212583,2.105450899642133
624,2014-01-01 22:10:28.808,2.1037185050208347,2.105450899641709
625,2014-01-01 22:10:28.928,2.1037185050200007,2.105393819407459
626,2014-01-01 22:10:29.015,2.103718505019396,2.1054046918322658
627,2014-01-01 22:10:30.102,2.1037494790220332,2.105435665834901
628,2014-01-01 22:10:30.103,2.1037685057589433,2.1054356658273283
629,2014-01-01 22:10:30.108,2.1037891550960532,2.1054563151644388
630,2014-01-01 22:10:30.113,2.103799479764604,2.1054563151644285
631,2014-01-01 22:10:30.147,2.103802197870651,2.1054563151641217
632,2014-01-01 22:10:30.190,2.1038946134863536,2.1054563151638224
633,2014-01-01 22:10:30.325,2.1038946134854157,2.1055133953962955
634,2014-01-01 22:10:30.556,2.1037835983153563,2.1054109198480013
635,2014-01-01 22:10:30.888,2.103752624307964,2.1054109198462934
636,2014-01-01 22:10:30.892,2.1037417518786103,2.1054109198423467
637,2014-01-01 22:10:32.044,2.1037502914772315,2.1054109198191
638,2014-01-01 22:10:33.012,2.1037929895713527,2.1054109198039765
639,2014-01-01 22:10:33.047,2.1038356876800366,2.1055048556437357
640,2014-01-01 22:10:34.308,2.103824267466495,2.105504855612419
641,2014-01-01 22:10:34.350,2.103832421785261,2.1055048556121267
642,2014-01-01 22:10:35.549,2.103832421746207,2.1054621574638066
643,2014-01-01 22:10:35.552,2.1038324217461604,2.105427998976377
644,2014-01-01 22:10:35.555,2.1038324217461133,2.1054109197326394
645,2014-01-01 22:10:35.557,2.103653089687324,2.1053084442704604
646,2014-01-01 22:10:36.049,2.103663962100924,2.105308444258633
647,2014-01-01 22:10:37.050,2.103674834519376,2.1053084442516647
648,2014-01-01 22:10:37.143,2.1036406760072426,2.1052572064958173
649,2014-01-01 22:10:38.052,2.1036542665320392,2.105257206488842
650,2014-01-01 22:10:39.026,2.103673293269735,2.1052572064820616
651,2014-01-01 22:10:40.055,2.1036896019006948,2.1052572064748984
652,2014-01-01 22:10:42.004,2.1036950380998483,2.105257206461331
653,2014-01-01 22:10:44.006,2.1036743887413607,2.105257206439958
654,2014-01-01 22:10:44.306,2.1037427056043327,2.1053511421683595
655,2014-01-01 22:10:44.328,2.103763354940746,2.10535114216765
656,2014-01-01 22:10:44.333,2.103741610073735,2.1053511421514366
657,2014-01-01 22:10:45.043,2.103772584077844,2.1053511421498614
658,2014-01-01 22:10:45.049,2.10384485675776,2.105351142149848
659,2014-01-01 22:10:45.211,2.103853011070712,2.105351142143736
660,2014-01-01 22:10:45.215,2.1038530110706843,2.1053321153992437
661,2014-01-01 22:10:45.254,2.103828548113244,2.105332115398972
662,2014-01-01 22:10:45.547,2.1038285481112067,2.1053158067588202
663,2014-01-01 22:10:47.082,2.103911145455218,2.1053158067543394
664,2014-01-01 22:10:48.083,2.103952444127258,2.1053158067521336
665,2014-01-01 22:10:48.403,2.103955162213754,2.105315806732254
666,2014-01-01 22:10:48.410,2.1039551622137056,2.105304934306797
667,2014-01-01 22:10:48.446,2.103930699256288,2.1053049343065466
668,2014-01-01 22:10:48.778,2.103927981147628,2.1053049343042365
669,2014-01-01 22:10:50.707,2.103941571665977,2.10530493429081
670,2014-01-01 22:10:54.048,2.1038476356736635,2.1052195379201946
671,2014-01-01 22:10:54.809,2.1038639442832547,2.105219537891644
672,2014-01-01 22:10:54.812,2.1038639442832343,2.105216819785271
673,2014-01-01 22:10:56.708,2.1038585080573498,2.105216819772074
674,2014-01-01 22:10:58.583,2.103960983448688,2.1052168197012366
675,2014-01-01 22:10:58.611,2.1039501110100525,2.105216819687992
676,2014-01-01 22:10:59.541,2.103975729860628,2.105216819673028
677,2014-01-01 22:10:59.545,2.104052586457145,2.105216819672965
678,2014-01-01 22:10:59.547,2.104052586457114,2.105302215891356
679,2014-01-01 22:10:59.550,2.1040525864570667,2.105310755513152
680,2014-01-01 22:10:59.550,2.104078205322593,2.105310755513152
681,2014-01-01 22:10:59.555,2.103967190238567,2.105310755513073
682,2014-01-01 22:10:59.558,2.1040355072132577,2.1053107555130266
683,2014-01-01 22:10:59.907,2.104066481192885,2.1053107554869683
684,2014-01-01 22:10:59.909,2.1040773536092665,2.1053107554779333
685,2014-01-01 22:10:59.952,2.1040936622470747,2.105310755477634
686,2014-01-01 22:11:00.044,2.104144899970541,2.105310755470042
687,2014-01-01 22:11:00.094,2.104174799139418,2.1053107554690538
688,2014-01-01 22:11:00.099,2.1040979425419812,2.1053107554681945
689,2014-01-01 22:11:01.727,2.104097942516572,2.105379072417497
690,2014-01-01 22:11:02.046,2.1041235613771176,2.105379072412513
691,2014-01-01 22:11:04.006,2.104082262693842,2.10537907240348
692,2014-01-01 22:11:04.008,2.1040566437976937,2.1053790723728283
693,2014-01-01 22:11:08.008,2.1040647980617178,2.1053790723177452
694,2014-01-01 22:11:08.664,2.1040854473885746,2.10537907230748
695,2014-01-01 22:11:10.011,2.104085447374647,2.1053600455490837
696,2014-01-01 22:11:10.022,2.1040637025237654,2.105360045549007
697,2014-01-01 22:11:13.004,2.103991429834277,2.105360045539442
698,2014-01-01 22:11:13.006,2.103857209142985,2.105360045539438
699,2014-01-01 22:11:13.294,2.1038657486198917,2.105360045394365
700,2014-01-01 22:11:13.658,2.10394834596694,2.105360045392928
701,2014-01-01 22:11:13.659,2.104041267983983,2.105360045392926
702,2014-01-01 22:11:15.101,2.104109584930499,2.105360045364696
703,2014-01-01 22:11:15.141,2.104150883601476,2.10536004536143
704,2014-01-01 22:11:17.007,2.104125264706206,2.1053600453316528
705,2014-01-01 22:11:17.011,2.104074026975105,2.10536004533159
706,2014-01-01 22:11:20.008,2.1040876174374232,2.1053600452620893
707,2014-01-01 22:11:20.010,2.104077292758133,2.1053600452513583
708,2014-01-01 22:11:20.013,2.1041114511986363,2.10536004520446
709,2014-01-01 22:11:21.115,2.104128530425114,2.1053600451872434
710,2014-01-01 22:11:22.043,2.1040772926795954,2.1053600451727457
711,2014-01-01 22:11:22.046,2.104085832301388,2.1053600451726986
712,2014-01-01 22:11:22.059,2.1040943719230234,2.105368584794334
713,2014-01-01 22:11:23.004,2.1040014498993833,2.1053685847877364
714,2014-01-01 22:11:23.005,2.103898203213777,2.105368584787734
715,2014-01-01 22:11:23.011,2.103903639405596,2.105368584766833
716,2014-01-01 22:11:28.006,2.103914511796262,2.1053685847320693
717,2014-01-01 22:11:28.082,2.103904187116517,2.1053685847208805
718,2014-01-01 22:11:31.600,2.103997109125808,2.105368584713127
719,2014-01-01 22:11:31.603,2.1040797064742818,2.105368584713121
720,2014-01-01 22:11:32.051,2.1041565629148646,2.105453980775393
721,2014-01-01 22:11:33.072,2.1041565628796377,2.1054512626337853
722,2014-01-01 22:11:33.075,2.104130943998142,2.1054085645086
723,2014-01-01 22:11:33.179,2.1041722426689096,2.1054085645051264
724,2014-01-01 22:11:34.559,2.1042917973514657,2.1055366588094984
725,2014-01-01 22:11:38.005,2.104260823335152,2.1055366587988624
726,2014-01-01 22:11:38.008,2.1042499508754324,2.105536658764509
727,2014-01-01 22:11:41.006,2.10418800285746,2.1055366587578948
728,2014-01-01 22:11:41.008,2.1040744315032973,2.1055366587578908
729,2014-01-01 22:11:41.549,2.1041342087470314,2.1056305944888662
730,2014-01-01 22:11:41.831,2.104176906851809,2.10563059448446
731,2014-01-01 22:11:42.046,2.104253763444977,2.1056305944811
732,2014-01-01 22:11:42.156,2.104279382308768,2.1056305944793805
733,2014-01-01 22:11:43.427,2.1042793822889223,2.105715990677877
734,2014-01-01 22:11:43.428,2.1042793822889063,2.1058440850053994
735,2014-01-01 22:11:44.293,2.104151287947864,2.105844084991879
736,2014-01-01 22:11:44.306,2.1041822619462778,2.1058440849846107
737,2014-01-01 22:11:44.308,2.1041659532643795,2.1058440849407645
738,2014-01-01 22:11:44.310,2.1041246545901315,2.1058440849407547
739,2014-01-01 22:11:44.394,2.1042175766069846,2.10584408494057
740,2014-01-01 22:11:44.396,2.1043001739554583,2.105844084940565
741,2014-01-01 22:11:44.397,2.104308328273885,2.105844084939946
742,2014-01-01 22:11:46.206,2.104349626944136,2.1058440849359568
743,2014-01-01 22:11:47.038,2.104236055588146,2.105844084934124
744,2014-01-01 22:11:47.039,2.104174107576785,2.1058440849341213
745,2014-01-01 22:11:47.040,2.1041947569139023,2.105844084934119
746,2014-01-01 22:11:50.141,2.1041844322385104,2.105844084927285
747,2014-01-01 22:11:53.296,2.1041844320979566,2.1056562131062053
748,2014-01-01 22:11:53.297,2.1041417339887687,2.1055451980223414
749,2014-01-01 22:11:53.430,2.1041417339259603,2.10555063417217
750,2014-01-01 22:11:54.401,2.1041471701319043,2.105550634165412
751,2014-01-01 22:11:57.004,2.1041265207796647,2.105550634150287
752,2014-01-01 22:11:59.052,2.1041009018243217,2.1054310793546915
753,2014-01-01 22:12:00.110,2.1041112264860384,2.1054310793478463
754,2014-01-01 22:12:00.157,2.103983475447673,2.105431079307785
755,2014-01-01 22:12:00.174,2.104066072796007,2.105462053313322
756,2014-01-01 22:12:00.226,2.104066072795528,2.1054756438445805
757,2014-01-01 22:12:01.325,2.1040746123818783,2.105364628725235
758,2014-01-01 22:12:01.326,2.1040233746508625,2.10533900985972
759,2014-01-01 22:12:01.705,2.104023374647489,2.1053286851877866
760,2014-01-01 22:12:01.714,2.104015220318104,2.105328685177429
761,2014-01-01 22:12:01.757,2.1039798849352858,2.1053286851771307
762,2014-01-01 22:12:03.009,2.1039907573519754,2.1053286851684163
763,2014-01-01 22:12:05.233,2.103990757336519,2.1053150946212
764,2014-01-01 22:12:06.004,2.1039907573270464,2.105469964640114
765,2014-01-01 22:12:06.012,2.1039907573270287,2.10568678267984
766,2014-01-01 22:12:08.005,2.103990757322637,2.105707432012564
767,2014-01-01 22:12:12.397,2.1039907572728485,2.105701995750009
768,2014-01-01 22:12:12.629,2.10399075726266,2.105660697065577
769,2014-01-01 22:12:12.631,2.103990757262656,2.1055780997171003
770,2014-01-01 22:12:12.632,2.1039744486229406,2.105578099715465
771,2014-01-01 22:12:13.326,2.1039744486214094,2.1054955023654607
772,2014-01-01 22:12:13.546,2.1038207352376883,2.1054101059562558
773,2014-01-01 22:12:14.001,2.103872358578996,2.1054101059547667
774,2014-01-01 22:12:14.261,2.103872358578424,2.105317183937163
775,2014-01-01 22:12:14.547,2.1038723585628003,2.1052659461905394
776,2014-01-01 22:12:14.549,2.1037613434789613,2.1051549311067
777,2014-01-01 22:12:14.791,2.103804041584341,2.1051549311029207
778,2014-01-01 22:12:14.803,2.1038467396933114,2.1051549311027338
779,2014-01-01 22:12:15.010,2.1038603302085193,2.1051549310861835
780,2014-01-01 22:12:15.263,2.1038603302063112,2.1050620090669443
781,2014-01-01 22:12:15.385,2.1038261717099034,2.105062009057855
782,2014-01-01 22:12:16.266,2.103826171707693,2.105051684387085
783,2014-01-01 22:12:16.292,2.1038603301808627,2.105051684372921
784,2014-01-01 22:12:16.543,2.103783473580465,2.105051684369001
785,2014-01-01 22:12:16.548,2.1038774094205293,2.1051626994527277
786,2014-01-01 22:12:16.830,2.1038774094161283,2.105154159826492
787,2014-01-01 22:12:17.045,2.1038774094127723,2.105060223982992
788,2014-01-01 22:12:17.047,2.1036553792451347,2.104957748520989
789,2014-01-01 22:12:19.294,2.10372369618472,2.104957748485901
790,2014-01-01 22:12:20.543,2.1037322357870605,2.104957748466398
791,2014-01-01 22:12:20.545,2.1037578546525206,2.104957748466367
792,2014-01-01 22:12:20.793,2.103817632001464,2.1049577484624944
793,2014-01-01 22:12:21.812,2.103817631985561,2.1049662880684132
794,2014-01-01 22:12:22.006,2.1038176319729134,2.105141807421262
795,2014-01-01 22:12:22.007,2.1038176319729107,2.1053586254609944
796,2014-01-01 22:12:22.530,2.1038347112053666,2.105358625449782
797,2014-01-01 22:12:22.535,2.103851790448949,2.1053586254497043
798,2014-01-01 22:12:23.003,2.1038517904467544,2.105368950116067
799,2014-01-01 22:12:23.446,2.103857226600818,2.1053689500573545
800,2014-01-01 22:12:24.125,2.1038056032555517,2.1053689500548805
801,2014-01-01 22:12:25.007,2.103789294606626,2.1053689500440163
802,2014-01-01 22:12:25.043,2.103712437971016,2.105368950004853
803,2014-01-01 22:12:25.049,2.103726028502455,2.1053689500045607
804,2014-01-01 22:12:25.101,2.1037431077452093,2.105428727356464
805,2014-01-01 22:12:25.111,2.103743107743037,2.105387428680055
806,2014-01-01 22:12:25.112,2.1037295172108683,2.1053874286796166
807,2014-01-01 22:12:25.290,2.1037722153170675,2.105387428676665
808,2014-01-01 22:12:25.295,2.1038149134261386,2.105387428676587
809,2014-01-01 22:12:25.334,2.103814913425647,2.1053048313276257
810,2014-01-01 22:12:27.288,2.103814913421342,2.105211909306289
811,2014-01-01 22:12:28.042,2.1038576114876166,2.1052119092633914
812,2014-01-01 22:12:28.052,2.10387469073112,2.1053485432125063
813,2014-01-01 22:12:28.080,2.1039515473271475,2.1053485432120693
814,2014-01-01 22:12:28.289,2.1039515473249417,2.1052556211928355
815,2014-01-01 22:12:29.041,2.1039686265536,2.1052556211778257
816,2014-01-01 22:12:29.044,2.1040198642845285,2.105255621177779
817,2014-01-01 22:12:29.048,2.104045483149954,2.1052556211777165
818,2014-01-01 22:12:29.054,2.1040711020153484,2.1052556211776228
819,2014-01-01 22:12:29.496,2.1040198642774732,2.1052556211707194
820,2014-01-01 22:12:29.541,2.104017146140348,2.1052556211398943
821,2014-01-01 22:12:30.294,2.10401714613593,2.105162699118448
822,2014-01-01 22:12:31.243,2.1040171461338386,2.105131725110681
823,2014-01-01 22:12:31.246,2.104006273696606,2.105131725098814
824,2014-01-01 22:12:31.743,2.104006273661529,2.105140264685548
825,2014-01-01 22:12:31.749,2.1040062736580336,2.1051484190010847
826,2014-01-01 22:12:32.332,2.1040062736556338,2.1051690683358015
827,2014-01-01 22:12:34.806,2.10400627363439,2.10516635020818
828,2014-01-01 22:12:35.006,2.104006273628498,2.105455440921923
829,2014-01-01 22:12:35.045,2.104066050929752,2.10545544087035
830,2014-01-01 22:12:36.419,2.1040660509266385,2.1054244668615603
831,2014-01-01 22:12:36.775,2.1040660508996307,2.1056294177584154
832,2014-01-01 22:12:36.780,2.104023352790412,2.1056294177583377
833,2014-01-01 22:12:42.008,2.104066050817936,2.1056294176766652
834,2014-01-01 22:12:43.285,2.1041258281507917,2.1056294176567154
835,2014-01-01 22:12:46.004,2.1041258281296717,2.10566039164126
836,2014-01-01 22:12:48.298,2.104117288429581,2.105660391562946
837,2014-01-01 22:12:49.411,2.1041172883280863,2.1056658276739864
838,2014-01-01 22:12:57.966,2.1041172882686348,2.1056631095080993
839,2014-01-01 22:13:01.986,2.1041172880549364,2.1056716489160894
840,2014-01-01 22:13:01.987,2.104117288054921,2.105705807403372
841,2014-01-01 22:13:01.999,2.1041685257856804,2.1057058074031842
842,2014-01-01 22:13:08.700,2.1041429068155875,2.105705807298496
843,2014-01-01 22:13:09.256,2.104132034311756,2.1057058072199184
844,2014-01-01 22:13:09.258,2.1041320342605188,2.105829703191344
845,2014-01-01 22:13:09.426,2.104132034259337,2.1058405756155354
846,2014-01-01 22:13:09.603,2.1041891144913234,2.1058405756143035
847,2014-01-01 22:13:10.880,2.104178242057073,2.105840575605415
848,2014-01-01 22:13:14.697,2.104186396349575,2.1058405755788483
849,2014-01-01 22:13:15.684,2.1041693169968925,2.105840575469739
850,2014-01-01 22:13:15.700,2.104118079265707,2.1058405754694896
851,2014-01-01 22:13:15.712,2.1041180792586527,2.1058487297814548
852,2014-01-01 22:13:17.123,2.10411264303616,2.1058487297716337
853,2014-01-01 22:13:17.166,2.1041126430358608,2.105723696879549
854,2014-01-01 22:13:17.175,2.1041126430184165,2.105444930811045
855,2014-01-01 22:13:17.179,2.104112643018408,2.1053829827996924
856,2014-01-01 22:13:17.209,2.1039876101263237,2.105382982799393
857,2014-01-01 22:13:17.210,2.1038017660922232,2.1052487621080798
858,2014-01-01 22:13:17.249,2.103801766092137,2.1052281127708787
859,2014-01-01 22:13:17.429,2.10379361177158,2.1051085160902496
860,2014-01-01 22:13:18.458,2.1038099204024894,2.105124824721152
861,2014-01-01 22:13:18.459,2.103809920399824,2.1051454740555995
862,2014-01-01 22:13:24.128,2.103707444806396,2.1051454739239324
863,2014-01-01 22:13:24.155,2.103707444766816,2.1051427557779645
864,2014-01-01 22:13:24.158,2.1037501428754544,2.1051854538866026
865,2014-01-01 22:13:25.263,2.1038120908718083,2.1051957785401667
866,2014-01-01 22:13:25.272,2.10380393654502,2.105190342319712
867,2014-01-01 22:13:25.306,2.1038039365449253,2.1052006669881744
868,2014-01-01 22:13:25.315,2.103814808969997,2.105184358349819
869,2014-01-01 22:13:25.356,2.1038202451823977,2.105206103200276
870,2014-01-01 22:13:25.376,2.1038202451822587,2.1051979488811083
871,2014-01-01 22:13:25.406,2.1037686218392526,2.1051772995437736
872,2014-01-01 22:13:25.451,2.103752313200676,2.105177299543252
873,2014-01-01 22:13:26.371,2.103760467513312,2.1051772995368534
874,2014-01-01 22:13:27.004,2.103750142841235,2.105177299533332
875,2014-01-01 22:13:27.005,2.1037610152622004,2.105177299528922
876,2014-01-01 22:13:27.010,2.1037610152176804,2.105219997593469
877,2014-01-01 22:13:27.048,2.103771887642752,2.1052199975931702
878,2014-01-01 22:13:27.428,2.103771887640112,2.10523358812224
879,2014-01-01 22:13:28.320,2.1037746057402567,2.1052308700096933
880,2014-01-01 22:13:29.006,2.103826229078632,2.1052824933480667
881,2014-01-01 22:13:29.050,2.1038371014989288,2.105290647662017
882,2014-01-01 22:13:29.072,2.103837101498784,2.1052699983247574
883,2014-01-01 22:13:30.126,2.1038371014913078,2.1052509715728758
884,2014-01-01 22:13:31.320,2.10384797390838,2.105250971564572
885,2014-01-01 22:13:33.005,2.1038273245626016,2.1052406468873475
886,2014-01-01 22:13:33.010,2.103819170231832,2.105232492556566
887,2014-01-01 22:13:33.011,2.103808845563262,2.1052221678879963
888,2014-01-01 22:13:33.023,2.1038294949003493,2.10522216788797
889,2014-01-01 22:13:33.053,2.1037914414112597,2.105230322206697
890,2014-01-01 22:13:33.274,2.103791441409724,2.1052330403115027
891,2014-01-01 22:13:33.291,2.1038224154148044,2.1052330403109116
892,2014-01-01 22:13:33.295,2.1038224154147955,2.1052640143165737
893,2014-01-01 22:13:33.526,2.103822415413045,2.1052748867401903
894,2014-01-01 22:13:34.022,2.1037967964381266,2.1053005054960945
895,2014-01-01 22:13:34.319,2.10381310507067,2.1052977873842367
896,2014-01-01 22:13:37.007,2.103823977477362,2.1052678881957787
897,2014-01-01 22:13:38.417,2.1038402861056165,2.1052651700796305
898,2014-01-01 22:13:39.006,2.103843004207866,2.1052515795438245
899,2014-01-01 22:13:40.422,2.1038430041980267,2.10524070710861
900,2014-01-01 22:13:41.540,2.1038533288484187,2.1052716810961103
901,2014-01-01 22:13:41.545,2.103866919372324,2.105285271620009
902,2014-01-01 22:13:41.550,2.1038875687094154,2.1052852716199872
903,2014-01-01 22:13:41.627,2.10384679711372,2.105342351852593
904,2014-01-01 22:13:41.925,2.103846797111649,2.1053314794251534
905,2014-01-01 22:13:42.206,2.103826147773091,2.105331479423708
906,2014-01-01 22:13:42.210,2.1038125572394017,2.105328761315384
907,2014-01-01 22:13:42.252,2.103826147770819,2.1053206069960666
908,2014-01-01 22:13:42.663,2.103758195109422,2.1053314794185747
909,2014-01-01 22:13:43.042,2.103758195106789,2.105320606990572
910,2014-01-01 22:13:44.619,2.1037581950958337,2.105309734554237
911,2014-01-01 22:13:45.289,2.1037478704204853,2.1052890852103303
912,2014-01-01 22:13:46.908,2.1038185411694617,2.1052863670880684
913,2014-01-01 22:13:47.538,2.1037913601016704,2.1052972395090523
914,2014-01-01 22:13:48.006,2.1038022325237846,2.1052972395057967
915,2014-01-01 22:13:48.050,2.1038049506298204,2.1052972395054907
916,2014-01-01 22:13:48.350,2.103823977372125,2.1052972395034053
917,2014-01-01 22:13:49.010,2.1039862299527057,2.105297239269228
918,2014-01-01 22:13:50.445,2.1039943842571733,2.1052972392546567
919,2014-01-01 22:13:52.006,2.1040079747780327,2.1052972392438
920,2014-01-01 22:13:53.607,2.104007974759708,2.1052662652197998
921,2014-01-01 22:13:53.609,2.1039998204295456,2.1052581108896278
922,2014-01-01 22:13:53.651,2.104005256641936,2.1052662652083582
923,2014-01-01 22:13:53.700,2.104005256641595,2.1052635471016767
924,2014-01-01 22:13:55.003,2.10400525663852,2.1053048457728254
925,2014-01-01 22:13:55.011,2.1040052566385024,2.105346144447033
926,2014-01-01 22:13:55.080,2.104007974735254,2.1053461444374357
927,2014-01-01 22:13:55.608,2.1040242833696303,2.105335272008399
928,2014-01-01 22:13:57.460,2.1040324376757837,2.105324399570155
929,2014-01-01 22:13:58.557,2.1040324376679718,2.105293425556672
930,2014-01-01 22:13:58.564,2.1040297195539592,2.105290707442653
931,2014-01-01 22:13:59.012,2.1038760062051107,2.10529070728638
932,2014-01-01 22:14:01.342,2.1038333080596603,2.105367563846319
933,2014-01-01 22:14:02.450,2.103827871819975,2.105356691393932
934,2014-01-01 22:14:02.507,2.103844180457622,2.105370281925238
935,2014-01-01 22:14:03.518,2.103830589918894,2.1053702819182067
936,2014-01-01 22:14:04.973,2.103838744227804,2.1053893086524704
937,2014-01-01 22:14:05.407,2.10385233475649,2.105383872436771
938,2014-01-01 22:14:05.920,2.1038523347402687,2.105321924409208
939,2014-01-01 22:14:06.809,2.103846898517845,2.1053164881867765
940,2014-01-01 22:14:06.851,2.103838744198532,2.1053327968245257
941,2014-01-01 22:14:08.006,2.103838744193937,2.1053637708255972
942,2014-01-01 22:14:08.009,2.1038468985049104,2.1053637708175432
943,2014-01-01 22:14:09.544,2.103846898501522,2.1053431214770417
944,2014-01-01 22:14:09.631,2.1038496165965896,2.1053349671467405
945,2014-01-01 22:14:10.809,2.103808317919579,2.1053349671439525
946,2014-01-01 22:14:10.809,2.103808317919579,2.10524204512695
947,2014-01-01 22:14:10.819,2.103688721232363,2.105239327012347
948,2014-01-01 22:14:10.861,2.103672412594032,2.105206709735975
949,2014-01-01 22:14:10.945,2.1036809520659543,2.105206709585924
950,2014-01-01 22:14:11.457,2.1036564891047544,2.1052067095817795
951,2014-01-01 22:14:11.731,2.103645616677491,2.1052094276862143
952,2014-01-01 22:14:11.772,2.1036456166772064,2.1051876828352096
953,2014-01-01 22:14:12.841,2.10364561667273,2.1052186568363997
954,2014-01-01 22:14:12.845,2.103676590678389,2.105218656836391
955,2014-01-01 22:14:12.846,2.1036847449899487,2.1052404016796413
956,2014-01-01 22:14:12.888,2.1036983355213565,2.1052512741047087
957,2014-01-01 22:14:12.931,2.1037037717337377,2.105281173274148
958,2014-01-01 22:14:13.009,2.1036831223962644,2.1052811732737866
959,2014-01-01 22:14:13.009,2.103610849716373,2.1052811732737866
960,2014-01-01 22:14:13.015,2.10361084971636,2.1052708486052176
961,2014-01-01 22:14:13.019,2.103632594566468,2.1052708486046057
962,2014-01-01 22:14:13.061,2.1035836686520586,2.105270848604314
963,2014-01-01 22:14:13.103,2.1035836686517677,2.105200177839185
964,2014-01-01 22:14:13.116,2.1035939933201004,2.1052001778389617
965,2014-01-01 22:14:13.118,2.10358366865154,2.1052001778389577
966,2014-01-01 22:14:14.130,2.103583668644407,2.1052028959381563
967,2014-01-01 22:14:15.106,2.1036765906570296,2.105202895933776
968,2014-01-01 22:14:15.109,2.1036765906502297,2.1052626942664427
969,2014-01-01 22:14:15.111,2.1036765906502186,2.105262694266432
970,2014-01-01 22:14:15.151,2.1036765906499277,2.1052708485851586
971,2014-01-01 22:14:15.194,2.1038260864983145,2.10527084858486
972,2014-01-01 22:14:15.427,2.103826086496696,2.105287157221277
973,2014-01-01 22:14:15.827,2.103826086495118,2.105369754568146
974,2014-01-01 22:14:16.302,2.103809777851,2.10536975456206
975,2014-01-01 22:14:16.817,2.1038097778474207,2.105372472664817
976,2014-01-01 22:14:17.007,2.103809777844821,2.1052589013081042
977,2014-01-01 22:14:17.012,2.1037684791705877,2.105258901308093
978,2014-01-01 22:14:17.035,2.1036352919584305,2.105258901306577
979,2014-01-01 22:14:17.106,2.103635291957937,2.105242592668045
980,2014-01-01 22:14:17.152,2.1036352919576182,2.1051746400092344
981,2014-01-01 22:14:18.720,2.1036352919538555,2.105195289342582
982,2014-01-01 22:14:18.725,2.103638010049269,2.1052034436506624
983,2014-01-01 22:14:19.003,2.1036380100486456,2.1052137683185945
984,2014-01-01 22:14:19.110,2.1036793087226333,2.105213768318359
985,2014-01-01 22:14:19.111,2.1036820268262906,2.1052708485488045
986,2014-01-01 22:14:19.153,2.1036847449323384,2.1052708485485123
987,2014-01-01 22:14:19.309,2.103749979483404,2.105270848547427
988,2014-01-01 22:14:19.313,2.103708680808733,2.10527084854698
989,2014-01-01 22:14:19.350,2.103635291937282,2.1052708485466947
990,2014-01-01 22:14:19.398,2.1036146425999838,2.105270848546508
991,2014-01-01 22:14:19.400,2.1036227969186543,2.1052192045257088
992,2014-01-01 22:14:19.406,2.1036434462557483,2.105219204525692
993,2014-01-01 22:14:19.542,2.103602147581226,2.1052192045253917
994,2014-01-01 22:14:19.744,2.1035939932598184,2.105200177778624
995,2014-01-01 22:14:23.012,2.1035939932371197,2.105192023436881
996,2014-01-01 22:14:23.307,2.1035630192231594,2.105099101411585
997,2014-01-01 22:14:23.308,2.1033608665490653,2.1050991014095244
998,2014-01-01 22:14:23.314,2.103402165223274,2.1050887767409554
999,2014-01-01 22:14:23.316,2.1033396487774154,2.1050860586345603
